Matchup,MIL @ CIN
Pitcher,Dustin May
Pitcher Team,MIL
Opposing Team,CIN

,STATS,STRIKES,STATCAST
SPLIT,IP,BF,BAA,WOBA,SLG,ISO,WHIP,HR,HR/9,BB%,WHIFF%,K%,PUTAWAY%,SWSTR%,K/9,1STPS%,MEATBALL%,BARREL%,HH%,FB%,HR/FB%,PULLAIR%
Season,128.2,546,0.257,0.313,0.376,0.119,1.32,10,0.70,8.2%,22.3%,22.3%,20.0%,10.5%,8.53,60.4%,7.0%,7.0%,44.3%,24.1%,10.1%,14.1%
vsLHB,75.1,330,0.269,0.330,0.381,0.112,1.51,6,0.72,11.2%,21.6%,22.7%,19.6%,10.0%,8.96,58.3%,6.9%,5.1%,43.3%,23.3%,10.0%,15.8%
vsRHB,52.2,216,0.239,0.287,0.368,0.129,1.06,4,0.68,3.7%,23.3%,21.8%,20.5%,11.5%,8.03,63.6%,7.2%,9.7%,45.8%,25.2%,10.3%,11.6%

,,,STATS,STATCAST
BATTER,SAVE,ODDS,ZONE,L5 PA/G,BBE,HR,NEAR HR,EV,AVGDIST,300+,350+,BARREL%,PULLBRL%,PULLAIR%,HH%,LA SS%,BAT SPD,FAST%,SQUP%,BLAST%,COMP%,AIR%,FB%,HR/FB%,LD%,GB%,PULL%,STRAIGHT%,OPPO%,1ST PITCH SWING%
6 Eugenio Suarez RHB,,+399,28,4.00,8,2,2,81.0,278.9,2,2,12.5%,-,-,25.0%,25.0%,73.8,22.2%,33.3%,22.2%,90.0%,50.0%,37.5%,66.7%,12.5%,25.0%,12.5%,62.5%,25.0%,33.3%
1 Héctor Rodríguez LHB,,+430,22,4.40,8,2,2,95.0,284.1,2,2,25.0%,12.5%,12.5%,50.0%,37.5%,75.4,50.0%,41.7%,25.0%,92.3%,75.0%,62.5%,40.0%,12.5%,25.0%,37.5%,25.0%,37.5%,75.0%
4 JJ Bleday LHB,,+417,26,4.00,8,1,1,94.9,293.4,4,2,37.5%,37.5%,62.5%,62.5%,62.5%,74.3,30.0%,60.0%,50.0%,100.0%,87.5%,37.5%,33.3%,50.0%,12.5%,75.0%,12.5%,12.5%,42.9%
7 Jose Trevino RHB,,+1040,20,4.20,8,1,1,86.1,300.0,3,2,12.5%,-,12.5%,37.5%,62.5%,68.6,-,37.5%,12.5%,72.7%,62.5%,37.5%,33.3%,25.0%,37.5%,25.0%,50.0%,25.0%,50.0%
5 Tyler Stephenson RHB,,+520,31,4.20,8,1,1,93.9,263.2,2,2,25.0%,-,25.0%,75.0%,75.0%,69.7,-,41.7%,41.7%,100.0%,75.0%,12.5%,100.0%,62.5%,25.0%,37.5%,50.0%,12.5%,42.9%
3 Sal Stewart RHB,,+391,29,4.20,8,0,1,94.2,297.8,3,0,-,-,12.5%,37.5%,37.5%,70.3,15.8%,36.8%,10.5%,90.5%,37.5%,25.0%,0.0%,12.5%,50.0%,25.0%,37.5%,37.5%,57.1%
9 Matt McLain RHB,,+680,29,4.00,8,0,1,97.3,327.0,5,1,-,-,37.5%,62.5%,12.5%,74.7,30.0%,60.0%,20.0%,100.0%,62.5%,50.0%,0.0%,12.5%,37.5%,75.0%,12.5%,12.5%,25.0%
2 Elly De La Cruz SHB,,+475,15,4.20,8,0,1,98.3,328.6,3,1,25.0%,-,-,75.0%,62.5%,76.4,66.7%,50.0%,25.0%,100.0%,50.0%,37.5%,0.0%,12.5%,50.0%,12.5%,37.5%,50.0%,0.0%