Matchup,SEA @ BAL
Pitcher,Trevor Rogers
Pitcher Team,BAL
Opposing Team,SEA

SPLIT,IP,WHIP,H-AB,AVG,SLG,ISO,HR,2B,3B,RBI,K%,BB,OBP,OPS
Batting First,6.2,1.80,="11-30",.367,.667,0.300,2,3,0,9,12.5,1,.375,1.042
Batting Second,8.2,0.81,="4-29",.138,.138,0.000,0,0,0,3,18.8,3,.219,.357
Batting Third,4.2,3.00,="11-27",.407,.741,0.334,3,0,0,5,13.3,3,.467,1.208
Batting Fourth,7.2,1.04,="7-27",.259,.519,0.260,1,2,1,7,31.0,1,.276,.795
Batting Fifth,5.1,2.06,="7-22",.318,.545,0.227,0,3,1,3,7.7,4,.423,.968
Batting Sixth,5.2,1.59,="6-23",.261,.609,0.348,2,2,0,5,19.2,3,.346,.955
Batting Seventh,5.2,1.24,="6-22",.273,.364,0.091,0,2,0,4,17.4,1,.304,.668
Batting Eighth,6.0,0.67,="3-20",.150,.200,0.050,0,1,0,1,13.6,1,.227,.427
Batting Ninth,4.0,2.50,="8-20",.400,.500,0.100,0,2,0,2,18.2,2,.455,.955

PLAYER,SPLIT,H-AB,AVG,SLG,ISO,HR,2B,3B,RBI,K%,BB,OBP,OPS
Victor Robles RHB,Batting Eighth ​,="4-11",.364,.455,0.091,0,1,0,0,9.1,0,.364,.819
Julio Rodriguez RHB,Batting Second ​,="30-124",.242,.476,0.234,7,8,0,14,17.9,9,.291,.767
Randy Arozarena RHB,Batting Third ​,="6-28",.214,.321,0.107,0,3,0,1,25.0,3,.313,.634
Josh Naylor LHB,Batting Fourth ​,="41-153",.268,.386,0.118,5,3,0,19,15.4,14,.331,.717
Rob Refsnyder RHB,Batting Fifth ​,="6-15",.400,.800,0.400,2,0,0,6,11.1,0,.444,1.244
Patrick Wisdom RHB,Batting Seventh ​,="3-18",.167,.389,0.222,1,1,0,3,40.0,2,.250,.639
Mitch Garver RHB,Batting Seventh ​,="6-21",.286,.429,0.143,1,0,0,3,15.4,5,.423,.852
Cole Young LHB,Batting Eighth ​,="21-77",.273,.390,0.117,2,3,0,13,23.5,5,.329,.719
Ryan Bliss RHB,Batting Ninth ​,="0-2",.000,.000,0.000,0,0,0,1,0.0,1,.250,.250