Matchup,MIA @ STL
Pitcher,Max Meyer
Pitcher Team,MIA
Opposing Team,STL

SPLIT,IP,WHIP,H-AB,AVG,SLG,ISO,HR,2B,3B,RBI,K%,BB,OBP,OPS
Batting First,10.2,1.59,="9-40",.225,.425,0.200,2,0,1,3,28.6,8,.367,.792
Batting Second,11.2,0.94,="8-43",.186,.279,0.093,1,1,0,3,33.3,3,.271,.550
Batting Third,11.0,1.45,="9-41",.220,.463,0.243,2,4,0,4,16.7,7,.333,.796
Batting Fourth,11.2,0.77,="5-40",.125,.225,0.100,1,1,0,3,37.8,4,.222,.447
Batting Fifth,9.1,1.39,="9-37",.243,.324,0.081,0,3,0,2,19.0,4,.333,.657
Batting Sixth,9.0,1.22,="8-33",.242,.394,0.152,1,2,0,6,21.1,3,.316,.710
Batting Seventh,8.0,1.63,="12-35",.343,.457,0.114,1,1,0,5,19.4,1,.361,.818
Batting Eighth,8.1,1.08,="7-33",.212,.242,0.030,0,1,0,1,34.3,2,.257,.499
Batting Ninth,10.0,0.50,="3-32",.094,.125,0.031,0,1,0,0,34.3,2,.147,.272

PLAYER,SPLIT,H-AB,AVG,SLG,ISO,HR,2B,3B,RBI,K%,BB,OBP,OPS
JJ Wetherholt LHB,Batting First ​,="76-288",.264,.417,0.153,12,8,0,34,15.5,35,.363,.780
Ivan Herrera RHB,Batting Second ​,="74-283",.261,.420,0.159,10,13,1,35,15.5,48,.404,.824
Alec Burleson LHB,Batting Third ​,="76-255",.298,.529,0.231,13,18,1,47,15.5,25,.366,.895
Jordan Walker RHB,Batting Fourth ​,="61-222",.275,.491,0.216,12,12,0,42,27.4,15,.324,.815
Lars Nootbaar LHB,Batting Fifth ​,="10-44",.227,.341,0.114,1,2,0,4,25.0,7,.327,.668
Masyn Winn RHB,Batting Sixth ​,="53-205",.259,.361,0.102,3,8,2,26,20.2,20,.335,.696
Nathan Church LHB,Batting Seventh ​,="30-115",.261,.417,0.156,4,6,0,15,16.4,5,.295,.712
Blaze Jordan RHB,Batting Eighth ​,="7-29",.241,.310,0.069,0,2,0,9,11.8,2,.265,.575
Jose Fermin RHB,Batting Ninth ​,="6-23",.261,.391,0.130,1,0,0,3,18.5,4,.370,.761